https://i.ibb.co/mtKPjgy/baa4a84c-c20e-4ac8-a188-3c4bae234277.jpg, L
https://i.ibb.co/CVpHBhG/08320661-4fe3-4568-999e-543eda218d23.jpg, L
https://i.ibb.co/xY7jsgX/66685fc2-92ec-4e3e-b3e0-2660d7c99e42.jpg, L
https://i.ibb.co/CVpHBhG/08320661-4fe3-4568-999e-543eda218d23.jpg, R
https://i.ibb.co/NYbM5hN/4394cd1b-f30d-47f1-87bd-2aa8f3d652a4.jpg, L
https://i.ibb.co/NYbM5hN/4394cd1b-f30d-47f1-87bd-2aa8f3d652a4.jpg, R
https://i.ibb.co/xY7jsgX/66685fc2-92ec-4e3e-b3e0-2660d7c99e42.jpg, R
https://i.ibb.co/fNN7VX8/5bdd5cf4-824f-4c4a-8660-e9c17e538ff5.jpg, R
https://i.ibb.co/NYbM5hN/4394cd1b-f30d-47f1-87bd-2aa8f3d652a4.jpg, R
https://i.ibb.co/mtKPjgy/baa4a84c-c20e-4ac8-a188-3c4bae234277.jpg, R
https://i.ibb.co/NYbM5hN/4394cd1b-f30d-47f1-87bd-2aa8f3d652a4.jpg, L
https://i.ibb.co/nnrNzpL/d2ee9cf2-f025-492d-8000-54b1db356d59.jpg, R
https://i.ibb.co/mtKPjgy/baa4a84c-c20e-4ac8-a188-3c4bae234277.jpg, L
https://i.ibb.co/CVpHBhG/08320661-4fe3-4568-999e-543eda218d23.jpg, L
https://i.ibb.co/xY7jsgX/66685fc2-92ec-4e3e-b3e0-2660d7c99e42.jpg, L
https://i.ibb.co/CVpHBhG/08320661-4fe3-4568-999e-543eda218d23.jpg, R
https://i.ibb.co/NYbM5hN/4394cd1b-f30d-47f1-87bd-2aa8f3d652a4.jpg, L
https://i.ibb.co/NYbM5hN/4394cd1b-f30d-47f1-87bd-2aa8f3d652a4.jpg, R
https://i.ibb.co/xY7jsgX/66685fc2-92ec-4e3e-b3e0-2660d7c99e42.jpg, R
https://i.ibb.co/fNN7VX8/5bdd5cf4-824f-4c4a-8660-e9c17e538ff5.jpg, R
https://i.ibb.co/NYbM5hN/4394cd1b-f30d-47f1-87bd-2aa8f3d652a4.jpg, R
https://i.ibb.co/mtKPjgy/baa4a84c-c20e-4ac8-a188-3c4bae234277.jpg, R
https://i.ibb.co/NYbM5hN/4394cd1b-f30d-47f1-87bd-2aa8f3d652a4.jpg, L
https://i.ibb.co/nnrNzpL/d2ee9cf2-f025-492d-8000-54b1db356d59.jpg, R
https://i.ibb.co/mtKPjgy/baa4a84c-c20e-4ac8-a188-3c4bae234277.jpg, L
https://i.ibb.co/CVpHBhG/08320661-4fe3-4568-999e-543eda218d23.jpg, L
https://i.ibb.co/xY7jsgX/66685fc2-92ec-4e3e-b3e0-2660d7c99e42.jpg, L
https://i.ibb.co/CVpHBhG/08320661-4fe3-4568-999e-543eda218d23.jpg, R
https://i.ibb.co/NYbM5hN/4394cd1b-f30d-47f1-87bd-2aa8f3d652a4.jpg, L
https://i.ibb.co/NYbM5hN/4394cd1b-f30d-47f1-87bd-2aa8f3d652a4.jpg, R
https://i.ibb.co/xY7jsgX/66685fc2-92ec-4e3e-b3e0-2660d7c99e42.jpg, R
https://i.ibb.co/fNN7VX8/5bdd5cf4-824f-4c4a-8660-e9c17e538ff5.jpg, R
https://i.ibb.co/NYbM5hN/4394cd1b-f30d-47f1-87bd-2aa8f3d652a4.jpg, R
https://i.ibb.co/mtKPjgy/baa4a84c-c20e-4ac8-a188-3c4bae234277.jpg, R
https://i.ibb.co/NYbM5hN/4394cd1b-f30d-47f1-87bd-2aa8f3d652a4.jpg, L
https://i.ibb.co/nnrNzpL/d2ee9cf2-f025-492d-8000-54b1db356d59.jpg, R
https://i.ibb.co/mtKPjgy/baa4a84c-c20e-4ac8-a188-3c4bae234277.jpg, L
https://i.ibb.co/CVpHBhG/08320661-4fe3-4568-999e-543eda218d23.jpg, L
